{"cameraMode":{"drawMode":0,"name":"Shaded","section":"Shading Mode"},"sceneLighting":false,"audioPlay":false,"sceneViewState":{"m_AlwaysRefresh":false,"showFog":true,"showSkybox":false,"showFlares":true,"showImageEffects":true,"showParticleSystems":true,"showVisualEffectGraphs":true,"m_FxEnabled":true},"in2DMode":false,"pivot":{"x":0.1697900891304016,"y":0.10046255588531494,"z":0.03090846538543701},"rotation":{"x":-0.03036009706556797,"y":0.9506610631942749,"z":-0.09855952858924866,"w":-0.2927108705043793},"size":1.3087584972381592,"orthographic":false}