{"cameraMode":{"drawMode":0,"name":"Shaded","section":"Shading Mode"},"sceneLighting":false,"audioPlay":false,"sceneViewState":{"m_AlwaysRefresh":false,"showFog":true,"showSkybox":false,"showFlares":true,"showImageEffects":true,"showParticleSystems":true,"showVisualEffectGraphs":true,"m_FxEnabled":true},"in2DMode":false,"pivot":{"x":-0.5922591686248779,"y":1.050658941268921,"z":-0.31801414489746096},"rotation":{"x":0.08614108711481095,"y":0.8891189694404602,"z":-0.18748484551906587,"w":0.40864455699920657},"size":3.913238763809204,"orthographic":false}