{"cameraMode":{"drawMode":0,"name":"Shaded","section":"Shading Mode"},"sceneLighting":false,"audioPlay":false,"sceneViewState":{"m_AlwaysRefresh":false,"showFog":true,"showSkybox":false,"showFlares":true,"showImageEffects":true,"showParticleSystems":true,"showVisualEffectGraphs":true,"m_FxEnabled":true},"in2DMode":false,"pivot":{"x":-0.0479583740234375,"y":2.0749335289001467,"z":-0.32213401794433596},"rotation":{"x":0.08614108711481095,"y":0.8891189694404602,"z":-0.18748484551906587,"w":0.40864455699920657},"size":4.3019938468933109,"orthographic":false}